[
  {
    "Rank": 1,
    "SUA": "Sydney",
    "State": "New South Wales",
    "Estimated resident population, June 2019[3]": "4,914,343",
    "2011 Census[4] Population": "4,391,674",
    "Growth": "+19.10%",
    "lat": -33.86882,
    "long": 151.20929,
    "Percentage ofnational population (June 2018)": "20.93%"
  },
  {
    "Rank": 2,
    "SUA": "Melbourne",
    "State": "Victoria",
    "Estimated resident population, June 2019[3]": "4,893,870",
    "2011 Census[4] Population": "3,999,982",
    "Growth": "+24.08%",
    "lat": -37.813629,
    "long": 144.963058,
    "Percentage ofnational population (June 2018)": "19.86%"
  },
  {
    "Rank": 3,
    "SUA": "Brisbane",
    "State": "Queensland",
    "Estimated resident population, June 2019[3]": "2,430,180",
    "2011 Census[4] Population": "2,065,996",
    "Growth": "+19.20%",
    "lat": -27.46977,
    "long": 153.025131,
    "Percentage ofnational population (June 2018)": "9.85%"
  },
  {
    "Rank": 4,
    "SUA": "Perth",
    "State": "Western Australia",
    "Estimated resident population, June 2019[3]": "2,045,479",
    "2011 Census[4] Population": "1,728,867",
    "Growth": "+19.12%",
    "lat": -31.950527,
    "long": 115.860458,
    "Percentage ofnational population (June 2018)": "8.24%"
  },
  {
    "Rank": 5,
    "SUA": "Adelaide",
    "State": "South Australia",
    "Estimated resident population, June 2019[3]": "1,340,794",
    "2011 Census[4] Population": "1,262,940",
    "Growth": "+6.56%",
    "lat": -34.912654,
    "long": 138.607004,
    "Percentage ofnational population (June 2018)": "5.38%"
  },
  {
    "Rank": 6,
    "SUA": "Gold Coast–Tweed Heads",
    "State": "Queensland/New South Wales",
    "Estimated resident population, June 2019[3]": "693,671",
    "2011 Census[4] Population": "557,822",
    "Growth": "+21.75%",
    "lat": -28.179827,
    "long": 153.529005,
    "Percentage ofnational population (June 2018)": "2.72%"
  },
  {
    "Rank": 7,
    "SUA": "Newcastle–Maitland",
    "State": "New South Wales",
    "Estimated resident population, June 2019[3]": "491,474",
    "2011 Census[4] Population": "398,770",
    "Growth": "+22.05%",
    "lat": -32.697055,
    "long": 151.58777,
    "Percentage ofnational population (June 2018)": "1.95%"
  },
  {
    "Rank": 8,
    "SUA": "Canberra–Queanbeyan",
    "State": "Australian Capital Territory/New South Wales",
    "Estimated resident population, June 2019[3]": "462,136",
    "2011 Census[4] Population": "391,645",
    "Growth": "+16.83%",
    "lat": -35.351085,
    "long": 149.230379,
    "Percentage ofnational population (June 2018)": "1.83%"
  },
  {
    "Rank": 9,
    "SUA": "Sunshine Coast",
    "State": "Queensland",
    "Estimated resident population, June 2019[3]": "341,069",
    "2011 Census[4] Population": "270,770",
    "Growth": "+23.14%",
    "lat": -26.635265,
    "long": 153.066595,
    "Percentage ofnational population (June 2018)": "1.33%"
  },
  {
    "Rank": 10,
    "SUA": "Central Coast",
    "State": "New South Wales",
    "Estimated resident population, June 2019[3]": "335,470",
    "2011 Census[4] Population": "",
    "Growth": "",
    "lat": -33.359089,
    "long": 151.432003,
    "Percentage ofnational population (June 2018)": ""
  },
  {
    "Rank": 11,
    "SUA": "Wollongong",
    "State": "New South Wales",
    "Estimated resident population, June 2019[3]": "306,034",
    "2011 Census[4] Population": "268,944",
    "Growth": "+12.57%",
    "lat": -34.415537,
    "long": 150.894604,
    "Percentage ofnational population (June 2018)": "1.21%"
  },
  {
    "Rank": 12,
    "SUA": "Geelong",
    "State": "Victoria",
    "Estimated resident population, June 2019[3]": "275,794",
    "2011 Census[4] Population": "173,454",
    "Growth": "+54.67%",
    "lat": -38.146151,
    "long": 144.362252,
    "Percentage ofnational population (June 2018)": "1.07%"
  },
  {
    "Rank": 13,
    "SUA": "Hobart",
    "State": "Tasmania",
    "Estimated resident population, June 2019[3]": "216,682",
    "2011 Census[4] Population": "211,656",
    "Growth": "+9.90%",
    "lat": -42.870907,
    "long": 147.32751,
    "Percentage ofnational population (June 2018)": "0.93%"
  },
  {
    "Rank": 14,
    "SUA": "Townsville",
    "State": "Queensland",
    "Estimated resident population, June 2019[3]": "181,668",
    "2011 Census[4] Population": "162,292",
    "Growth": "+11.42%",
    "lat": -19.250948,
    "long": 146.81582,
    "Percentage ofnational population (June 2018)": "0.72%"
  },
  {
    "Rank": 15,
    "SUA": "Cairns",
    "State": "Queensland",
    "Estimated resident population, June 2019[3]": "153,951",
    "2011 Census[4] Population": "133,911",
    "Growth": "+14.05%",
    "lat": -16.907194,
    "long": 145.778533,
    "Percentage ofnational population (June 2018)": "0.61%"
  },
  {
    "Rank": 16,
    "SUA": "Toowoomba",
    "State": "Queensland",
    "Estimated resident population, June 2019[3]": "138,223",
    "2011 Census[4] Population": "105,984",
    "Growth": "+29.13%",
    "lat": -27.561589,
    "long": 151.947485,
    "Percentage ofnational population (June 2018)": "0.55%"
  },
  {
    "Rank": 17,
    "SUA": "Darwin",
    "State": "Northern Territory",
    "Estimated resident population, June 2019[3]": "133,331",
    "2011 Census[4] Population": "120,586",
    "Growth": "+23.20%",
    "lat": -12.456736,
    "long": 130.846446,
    "Percentage ofnational population (June 2018)": "0.59%"
  },
  {
    "Rank": 18,
    "SUA": "Ballarat",
    "State": "Victoria",
    "Estimated resident population, June 2019[3]": "107,652",
    "2011 Census[4] Population": "91,801",
    "Growth": "+14.89%",
    "lat": -37.555185,
    "long": 143.848962,
    "Percentage ofnational population (June 2018)": "0.42%"
  },
  {
    "Rank": 19,
    "SUA": "Bendigo",
    "State": "Victoria",
    "Estimated resident population, June 2019[3]": "100,991",
    "2011 Census[4] Population": "86,079",
    "Growth": "+15.15%",
    "lat": -36.751994,
    "long": 144.279919,
    "Percentage ofnational population (June 2018)": "0.40%"
  },
  {
    "Rank": 20,
    "SUA": "Albury–Wodonga",
    "State": "New South Wales/Victoria",
    "Estimated resident population, June 2019[3]": "94,837",
    "2011 Census[4] Population": "82,083",
    "Growth": "+14.03%",
    "lat": -36.094972,
    "long": 146.899833,
    "Percentage ofnational population (June 2018)": "0.37%"
  },
  {
    "Rank": 21,
    "SUA": "Launceston",
    "State": "Tasmania",
    "Estimated resident population, June 2019[3]": "88,178",
    "2011 Census[4] Population": "82,220",
    "Growth": "+6.21%",
    "lat": -41.42623,
    "long": 147.144703,
    "Percentage ofnational population (June 2018)": "0.35%"
  },
  {
    "Rank": 22,
    "SUA": "Mackay",
    "State": "Queensland",
    "Estimated resident population, June 2019[3]": "80,264",
    "2011 Census[4] Population": "77,293",
    "Growth": "+3.69%",
    "lat": -21.139674,
    "long": 149.18209,
    "Percentage ofnational population (June 2018)": "0.32%"
  },
  {
    "Rank": 23,
    "SUA": "Rockhampton",
    "State": "Queensland",
    "Estimated resident population, June 2019[3]": "79,081",
    "2011 Census[4] Population": "73,681",
    "Growth": "+6.67%",
    "lat": -23.378036,
    "long": 150.511413,
    "Percentage ofnational population (June 2018)": "0.31%"
  },
  {
    "Rank": 24,
    "SUA": "Bunbury",
    "State": "Western Australia",
    "Estimated resident population, June 2019[3]": "74,591",
    "2011 Census[4] Population": "65,608",
    "Growth": "+13.34%",
    "lat": -33.317375,
    "long": 115.639916,
    "Percentage ofnational population (June 2018)": "0.30%"
  },
  {
    "Rank": 25,
    "SUA": "Coffs Harbour",
    "State": "New South Wales",
    "Estimated resident population, June 2019[3]": "72,541",
    "2011 Census[4] Population": "64,243",
    "Growth": "+11.80%",
    "lat": -30.293662,
    "long": 153.113818,
    "Percentage ofnational population (June 2018)": "0.29%"
  },
  {
    "Rank": 26,
    "SUA": "Melton",
    "State": "Victoria",
    "Estimated resident population, June 2019[3]": "72,177",
    "2011 Census[4] Population": "",
    "Growth": "",
    "lat": -37.680069,
    "long": 144.557148,
    "Percentage ofnational population (June 2018)": ""
  },
  {
    "Rank": 27,
    "SUA": "Bundaberg",
    "State": "Queensland",
    "Estimated resident population, June 2019[3]": "71,309",
    "2011 Census[4] Population": "67,341",
    "Growth": "+5.32%",
    "lat": -24.856455,
    "long": 152.352267,
    "Percentage ofnational population (June 2018)": "0.28%"
  },
  {
    "Rank": 28,
    "SUA": "Wagga Wagga",
    "State": "New South Wales",
    "Estimated resident population, June 2019[3]": "56,675",
    "2011 Census[4] Population": "52,042",
    "Growth": "+8.45%",
    "lat": -35.089397,
    "long": 147.358485,
    "Percentage ofnational population (June 2018)": "0.23%"
  },
  {
    "Rank": 29,
    "SUA": "Hervey Bay",
    "State": "Queensland",
    "Estimated resident population, June 2019[3]": "55,345",
    "2011 Census[4] Population": "48,680",
    "Growth": "+12.31%",
    "lat": -25.269924,
    "long": 152.788111,
    "Percentage ofnational population (June 2018)": "0.22%"
  },
  {
    "Rank": 30,
    "SUA": "Mildura–Wentworth",
    "State": "Victoria/New South Wales",
    "Estimated resident population, June 2019[3]": "52,176",
    "2011 Census[4] Population": "47,536",
    "Growth": "+9.19%",
    "lat": -34.198792,
    "long": 142.136203,
    "Percentage ofnational population (June 2018)": "0.21%"
  },
  {
    "Rank": 31,
    "SUA": "Shepparton–Mooroopna",
    "State": "Victoria",
    "Estimated resident population, June 2019[3]": "52,104",
    "2011 Census[4] Population": "46,505",
    "Growth": "+11.02%",
    "lat": -36.365408,
    "long": 145.349242,
    "Percentage ofnational population (June 2018)": "0.21%"
  },
  {
    "Rank": 32,
    "SUA": "Port Macquarie",
    "State": "New South Wales",
    "Estimated resident population, June 2019[3]": "48,723",
    "2011 Census[4] Population": "41,723",
    "Growth": "+14.98%",
    "lat": -31.400167,
    "long": 152.891812,
    "Percentage ofnational population (June 2018)": "0.19%"
  },
  {
    "Rank": 33,
    "SUA": "Gladstone–Tannum Sands",
    "State": "Queensland",
    "Estimated resident population, June 2019[3]": "45,631",
    "2011 Census[4] Population": "41,966",
    "Growth": "+7.54%",
    "lat": -23.946476,
    "long": 151.366993,
    "Percentage ofnational population (June 2018)": "0.18%"
  },
  {
    "Rank": 34,
    "SUA": "Tamworth",
    "State": "New South Wales",
    "Estimated resident population, June 2019[3]": "43,188",
    "2011 Census[4] Population": "38,735",
    "Growth": "+10.68%",
    "lat": -31.089017,
    "long": 150.931887,
    "Percentage ofnational population (June 2018)": "0.17%"
  },
  {
    "Rank": 35,
    "SUA": "Traralgon–Morwell",
    "State": "Victoria",
    "Estimated resident population, June 2019[3]": "42,249",
    "2011 Census[4] Population": "39,705",
    "Growth": "+5.74%",
    "lat": -38.199506,
    "long": 146.518928,
    "Percentage ofnational population (June 2018)": "0.17%"
  },
  {
    "Rank": 36,
    "SUA": "Orange",
    "State": "New South Wales",
    "Estimated resident population, June 2019[3]": "40,804",
    "2011 Census[4] Population": "36,468",
    "Growth": "+11.04%",
    "lat": -33.222795,
    "long": 149.098497,
    "Percentage ofnational population (June 2018)": "0.16%"
  },
  {
    "Rank": 37,
    "SUA": "Bowral–Mittagong",
    "State": "New South Wales",
    "Estimated resident population, June 2019[3]": "40,411",
    "2011 Census[4] Population": "34,858",
    "Growth": "+14.43%",
    "lat": -34.474796,
    "long": 150.419015,
    "Percentage ofnational population (June 2018)": "0.16%"
  },
  {
    "Rank": 38,
    "SUA": "Busselton",
    "State": "Western Australia",
    "Estimated resident population, June 2019[3]": "39,618",
    "2011 Census[4] Population": "30,286",
    "Growth": "+28.51%",
    "lat": -33.650567,
    "long": 115.349621,
    "Percentage ofnational population (June 2018)": "0.16%"
  },
  {
    "Rank": 39,
    "SUA": "Warragul–Drouin",
    "State": "Victoria",
    "Estimated resident population, June 2019[3]": "39,217",
    "2011 Census[4] Population": "29,944",
    "Growth": "+26.66%",
    "lat": -38.135576,
    "long": 145.84742,
    "Percentage ofnational population (June 2018)": "0.15%"
  },
  {
    "Rank": 40,
    "SUA": "Dubbo",
    "State": "New South Wales",
    "Estimated resident population, June 2019[3]": "38,767",
    "2011 Census[4] Population": "33,997",
    "Growth": "+12.93%",
    "lat": -32.218036,
    "long": 148.633154,
    "Percentage ofnational population (June 2018)": "0.15%"
  },
  {
    "Rank": 41,
    "SUA": "Nowra–Bomaderry",
    "State": "New South Wales",
    "Estimated resident population, June 2019[3]": "37,838",
    "2011 Census[4] Population": "33,338",
    "Growth": "+12.24%",
    "lat": -34.8839,
    "long": 150.601177,
    "Percentage ofnational population (June 2018)": "0.15%"
  },
  {
    "Rank": 42,
    "SUA": "Geraldton",
    "State": "Western Australia",
    "Estimated resident population, June 2019[3]": "37,255",
    "2011 Census[4] Population": "35,749",
    "Growth": "+5.31%",
    "lat": -28.774067,
    "long": 114.61502,
    "Percentage ofnational population (June 2018)": "0.15%"
  },
  {
    "Rank": 43,
    "SUA": "Bathurst",
    "State": "New South Wales",
    "Estimated resident population, June 2019[3]": "37,191",
    "2011 Census[4] Population": "32,479",
    "Growth": "+13.31%",
    "lat": -33.419162,
    "long": 149.577099,
    "Percentage ofnational population (June 2018)": "0.15%"
  },
  {
    "Rank": 44,
    "SUA": "Warrnambool",
    "State": "Victoria",
    "Estimated resident population, June 2019[3]": "35,523",
    "2011 Census[4] Population": "32,380",
    "Growth": "+8.75%",
    "lat": -38.366133,
    "long": 142.498677,
    "Percentage ofnational population (June 2018)": "0.14%"
  },
  {
    "Rank": 45,
    "SUA": "Albany",
    "State": "Western Australia",
    "Estimated resident population, June 2019[3]": "34,367",
    "2011 Census[4] Population": "30,656",
    "Growth": "+11.58%",
    "lat": -35.024436,
    "long": 117.884898,
    "Percentage ofnational population (June 2018)": "0.14%"
  },
  {
    "Rank": 46,
    "SUA": "Devonport",
    "State": "Tasmania",
    "Estimated resident population, June 2019[3]": "30,629",
    "2011 Census[4] Population": "29,051",
    "Growth": "+4.29%",
    "lat": -41.174155,
    "long": 146.346178,
    "Percentage ofnational population (June 2018)": "0.12%"
  },
  {
    "Rank": 47,
    "SUA": "Mount Gambier",
    "State": "South Australia",
    "Estimated resident population, June 2019[3]": "29,767",
    "2011 Census[4] Population": "27,756",
    "Growth": "+6.78%",
    "lat": -37.82519,
    "long": 140.77857,
    "Percentage ofnational population (June 2018)": "0.12%"
  },
  {
    "Rank": 48,
    "SUA": "Kalgoorlie–Boulder",
    "State": "Western Australia",
    "Estimated resident population, June 2019[3]": "29,326",
    "2011 Census[4] Population": "30,842",
    "Growth": "−3.22%",
    "lat": -30.745119,
    "long": 121.466115,
    "Percentage ofnational population (June 2018)": "0.12%"
  },
  {
    "Rank": 49,
    "SUA": "Lismore",
    "State": "New South Wales",
    "Estimated resident population, June 2019[3]": "28,576",
    "2011 Census[4] Population": "28,285",
    "Growth": "+1.54%",
    "lat": -28.808757,
    "long": 153.287958,
    "Percentage ofnational population (June 2018)": "0.11%"
  },
  {
    "Rank": 50,
    "SUA": "Nelson Bay",
    "State": "New South Wales",
    "Estimated resident population, June 2019[3]": "28,276",
    "2011 Census[4] Population": "25,074",
    "Growth": "+11.87%",
    "lat": -32.734438,
    "long": 152.138018,
    "Percentage ofnational population (June 2018)": "0.11%"
  },
  {
    "Rank": 51,
    "SUA": "Burnie–Wynyard",
    "State": "Tasmania",
    "Estimated resident population, June 2019[3]": "27,343",
    "2011 Census[4] Population": "26,869",
    "Growth": "+1.15%",
    "lat": -41.052843,
    "long": 145.904902,
    "Percentage ofnational population (June 2018)": "0.11%"
  },
  {
    "Rank": 52,
    "SUA": "Maryborough",
    "State": "Queensland",
    "Estimated resident population, June 2019[3]": "27,286",
    "2011 Census[4] Population": "26,214",
    "Growth": "+4.07%",
    "lat": -37.046953,
    "long": 143.745481,
    "Percentage ofnational population (June 2018)": "0.11%"
  },
  {
    "Rank": 53,
    "SUA": "Victor Harbor–Goolwa",
    "State": "South Australia",
    "Estimated resident population, June 2019[3]": "26,921",
    "2011 Census[4] Population": "23,850",
    "Growth": "+11.25%",
    "lat": -35.504666,
    "long": 138.668258,
    "Percentage ofnational population (June 2018)": "0.11%"
  },
  {
    "Rank": 54,
    "SUA": "Ballina",
    "State": "New South Wales",
    "Estimated resident population, June 2019[3]": "26,625",
    "2011 Census[4] Population": "23,509",
    "Growth": "+12.22%",
    "lat": -28.857424,
    "long": 153.565828,
    "Percentage ofnational population (June 2018)": "0.11%"
  },
  {
    "Rank": 55,
    "SUA": "Taree",
    "State": "New South Wales",
    "Estimated resident population, June 2019[3]": "26,394",
    "2011 Census[4] Population": "25,421",
    "Growth": "+3.78%",
    "lat": -31.889212,
    "long": 152.445471,
    "Percentage ofnational population (June 2018)": "0.11%"
  },
  {
    "Rank": 56,
    "SUA": "Alice Springs",
    "State": "Northern Territory",
    "Estimated resident population, June 2019[3]": "26,390",
    "2011 Census[4] Population": "25,186",
    "Growth": "+5.35%",
    "lat": -23.695396,
    "long": 133.880306,
    "Percentage ofnational population (June 2018)": "0.11%"
  },
  {
    "Rank": 57,
    "SUA": "Morisset–Cooranbong",
    "State": "New South Wales",
    "Estimated resident population, June 2019[3]": "25,662",
    "2011 Census[4] Population": "21,774",
    "Growth": "+16.23%",
    "lat": -33.11619,
    "long": 151.490422,
    "Percentage ofnational population (June 2018)": "0.10%"
  },
  {
    "Rank": 58,
    "SUA": "Armidale",
    "State": "New South Wales",
    "Estimated resident population, June 2019[3]": "24,584",
    "2011 Census[4] Population": "22,464",
    "Growth": "+9.08%",
    "lat": -30.500865,
    "long": 151.663271,
    "Percentage ofnational population (June 2018)": "0.10%"
  },
  {
    "Rank": 59,
    "SUA": "Goulburn",
    "State": "New South Wales",
    "Estimated resident population, June 2019[3]": "24,070",
    "2011 Census[4] Population": "21,484",
    "Growth": "+10.94%",
    "lat": -34.747794,
    "long": 149.728368,
    "Percentage ofnational population (June 2018)": "0.10%"
  },
  {
    "Rank": 60,
    "SUA": "Bacchus Marsh",
    "State": "Victoria",
    "Estimated resident population, June 2019[3]": "22,964",
    "2011 Census[4] Population": "",
    "Growth": "",
    "lat": -37.665002,
    "long": 144.43046,
    "Percentage ofnational population (June 2018)": ""
  },
  {
    "Rank": 61,
    "SUA": "Gisborne–Macedon",
    "State": "Victoria",
    "Estimated resident population, June 2019[3]": "22,141",
    "2011 Census[4] Population": "",
    "Growth": "",
    "lat": -37.412251,
    "long": 144.582729,
    "Percentage ofnational population (June 2018)": ""
  },
  {
    "Rank": 62,
    "SUA": "Gympie",
    "State": "Queensland",
    "Estimated resident population, June 2019[3]": "21,868",
    "2011 Census[4] Population": "19,510",
    "Growth": "+10.71%",
    "lat": -26.180469,
    "long": 152.666159,
    "Percentage ofnational population (June 2018)": "0.09%"
  },
  {
    "Rank": 63,
    "SUA": "Whyalla",
    "State": "South Australia",
    "Estimated resident population, June 2019[3]": "21,638",
    "2011 Census[4] Population": "21,991",
    "Growth": "−1.13%",
    "lat": -32.986534,
    "long": 137.570091,
    "Percentage ofnational population (June 2018)": "0.09%"
  },
  {
    "Rank": 64,
    "SUA": "Echuca–Moama",
    "State": "Victoria/New South Wales",
    "Estimated resident population, June 2019[3]": "21,392",
    "2011 Census[4] Population": "19,309",
    "Growth": "+10.01%",
    "lat": -36.156024,
    "long": 144.752178,
    "Percentage ofnational population (June 2018)": "0.08%"
  },
  {
    "Rank": 65,
    "SUA": "Forster–Tuncurry",
    "State": "New South Wales",
    "Estimated resident population, June 2019[3]": "21,221",
    "2011 Census[4] Population": "19,500",
    "Growth": "+6.51%",
    "lat": -32.193797,
    "long": 152.526653,
    "Percentage ofnational population (June 2018)": "0.08%"
  },
  {
    "Rank": 66,
    "SUA": "Griffith",
    "State": "New South Wales",
    "Estimated resident population, June 2019[3]": "20,399",
    "2011 Census[4] Population": "17,900",
    "Growth": "+13.13%",
    "lat": -34.276346,
    "long": 146.045628,
    "Percentage ofnational population (June 2018)": "0.08%"
  },
  {
    "Rank": 67,
    "SUA": "St Georges Basin–Sanctuary Point",
    "State": "New South Wales",
    "Estimated resident population, June 2019[3]": "19,555",
    "2011 Census[4] Population": "12,611",
    "Growth": "+52.65%",
    "lat": -35.084205,
    "long": 150.595038,
    "Percentage ofnational population (June 2018)": "0.08%"
  },
  {
    "Rank": 68,
    "SUA": "Wangaratta",
    "State": "Victoria",
    "Estimated resident population, June 2019[3]": "19,411",
    "2011 Census[4] Population": "17,686",
    "Growth": "+9.23%",
    "lat": -36.365264,
    "long": 146.317615,
    "Percentage ofnational population (June 2018)": "0.08%"
  },
  {
    "Rank": 69,
    "SUA": "Yeppoon",
    "State": "Queensland",
    "Estimated resident population, June 2019[3]": "19,267",
    "2011 Census[4] Population": "16,372",
    "Growth": "+16.07%",
    "lat": -23.117602,
    "long": 150.732961,
    "Percentage ofnational population (June 2018)": "0.08%"
  },
  {
    "Rank": 70,
    "SUA": "Murray Bridge",
    "State": "South Australia",
    "Estimated resident population, June 2019[3]": "19,078",
    "2011 Census[4] Population": "16,708",
    "Growth": "+12.40%",
    "lat": -35.128654,
    "long": 139.265197,
    "Percentage ofnational population (June 2018)": "0.08%"
  },
  {
    "Rank": 71,
    "SUA": "Grafton",
    "State": "New South Wales",
    "Estimated resident population, June 2019[3]": "19,046",
    "2011 Census[4] Population": "18,359",
    "Growth": "+3.92%",
    "lat": -29.679247,
    "long": 152.933738,
    "Percentage ofnational population (June 2018)": "0.08%"
  },
  {
    "Rank": 72,
    "SUA": "Mount Isa",
    "State": "Queensland",
    "Estimated resident population, June 2019[3]": "18,310",
    "2011 Census[4] Population": "20,569",
    "Growth": "−9.63%",
    "lat": -20.717295,
    "long": 139.499514,
    "Percentage ofnational population (June 2018)": "0.07%"
  },
  {
    "Rank": 73,
    "SUA": "Camden Haven",
    "State": "New South Wales",
    "Estimated resident population, June 2019[3]": "18,149",
    "2011 Census[4] Population": "15,741",
    "Growth": "+13.30%",
    "lat": -31.643665,
    "long": 152.8097,
    "Percentage ofnational population (June 2018)": "0.07%"
  },
  {
    "Rank": 74,
    "SUA": "Broken Hill",
    "State": "New South Wales",
    "Estimated resident population, June 2019[3]": "17,479",
    "2011 Census[4] Population": "18,517",
    "Growth": "−4.23%",
    "lat": -32.263264,
    "long": 141.451235,
    "Percentage ofnational population (June 2018)": "0.07%"
  },
  {
    "Rank": 75,
    "SUA": "Karratha",
    "State": "Western Australia",
    "Estimated resident population, June 2019[3]": "17,102",
    "2011 Census[4] Population": "16,476",
    "Growth": "+1.41%",
    "lat": -20.735315,
    "long": 116.845742,
    "Percentage ofnational population (June 2018)": "0.07%"
  },
  {
    "Rank": 76,
    "SUA": "Moe–Newborough",
    "State": "Victoria",
    "Estimated resident population, June 2019[3]": "16,821",
    "2011 Census[4] Population": "16,674",
    "Growth": "+0.83%",
    "lat": -38.176016,
    "long": 146.259899,
    "Percentage ofnational population (June 2018)": "0.07%"
  },
  {
    "Rank": 77,
    "SUA": "Horsham",
    "State": "Victoria",
    "Estimated resident population, June 2019[3]": "16,589",
    "2011 Census[4] Population": "15,894",
    "Growth": "+3.90%",
    "lat": -36.715959,
    "long": 142.196392,
    "Percentage ofnational population (June 2018)": "0.07%"
  },
  {
    "Rank": 78,
    "SUA": "Batemans Bay",
    "State": "New South Wales",
    "Estimated resident population, June 2019[3]": "16,553",
    "2011 Census[4] Population": "15,733",
    "Growth": "+4.78%",
    "lat": -35.711665,
    "long": 150.181319,
    "Percentage ofnational population (June 2018)": "0.07%"
  },
  {
    "Rank": 79,
    "SUA": "Ulladulla",
    "State": "New South Wales",
    "Estimated resident population, June 2019[3]": "16,495",
    "2011 Census[4] Population": "14,149",
    "Growth": "+14.59%",
    "lat": -35.354407,
    "long": 150.460218,
    "Percentage ofnational population (June 2018)": "0.06%"
  },
  {
    "Rank": 80,
    "SUA": "Port Lincoln",
    "State": "South Australia",
    "Estimated resident population, June 2019[3]": "16,418",
    "2011 Census[4] Population": "15,221",
    "Growth": "+7.26%",
    "lat": -34.728028,
    "long": 135.849741,
    "Percentage ofnational population (June 2018)": "0.07%"
  },
  {
    "Rank": 81,
    "SUA": "Singleton",
    "State": "New South Wales",
    "Estimated resident population, June 2019[3]": "16,277",
    "2011 Census[4] Population": "16,135",
    "Growth": "+1.31%",
    "lat": -32.569296,
    "long": 151.179711,
    "Percentage ofnational population (June 2018)": "0.07%"
  },
  {
    "Rank": 82,
    "SUA": "Bairnsdale",
    "State": "Victoria",
    "Estimated resident population, June 2019[3]": "15,565",
    "2011 Census[4] Population": "13,243",
    "Growth": "+16.37%",
    "lat": -37.817809,
    "long": 147.626911,
    "Percentage ofnational population (June 2018)": "0.06%"
  },
  {
    "Rank": 83,
    "SUA": "Kempsey",
    "State": "New South Wales",
    "Estimated resident population, June 2019[3]": "15,378",
    "2011 Census[4] Population": "14,494",
    "Growth": "+5.62%",
    "lat": -31.060271,
    "long": 152.848366,
    "Percentage ofnational population (June 2018)": "0.06%"
  },
  {
    "Rank": 84,
    "SUA": "Warwick",
    "State": "Queensland",
    "Estimated resident population, June 2019[3]": "15,277",
    "2011 Census[4] Population": "14,607",
    "Growth": "+5.29%",
    "lat": -28.214633,
    "long": 152.030087,
    "Percentage ofnational population (June 2018)": "0.06%"
  },
  {
    "Rank": 85,
    "SUA": "Sale",
    "State": "Victoria",
    "Estimated resident population, June 2019[3]": "15,135",
    "2011 Census[4] Population": "14,258",
    "Growth": "+5.35%",
    "lat": -38.102315,
    "long": 147.074116,
    "Percentage ofnational population (June 2018)": "0.06%"
  },
  {
    "Rank": 86,
    "SUA": "Yanchep",
    "State": "Western Australia",
    "Estimated resident population, June 2019[3]": "14,612",
    "2011 Census[4] Population": "",
    "Growth": "",
    "lat": -31.537684,
    "long": 115.723522,
    "Percentage ofnational population (June 2018)": ""
  },
  {
    "Rank": 87,
    "SUA": "Ulverstone",
    "State": "Tasmania",
    "Estimated resident population, June 2019[3]": "14,552",
    "2011 Census[4] Population": "14,109",
    "Growth": "+2.70%",
    "lat": -41.166778,
    "long": 146.186977,
    "Percentage ofnational population (June 2018)": "0.06%"
  },
  {
    "Rank": 88,
    "SUA": "Port Hedland",
    "State": "Western Australia",
    "Estimated resident population, June 2019[3]": "14,476",
    "2011 Census[4] Population": "13,772",
    "Growth": "+3.98%",
    "lat": -20.379229,
    "long": 118.647915,
    "Percentage ofnational population (June 2018)": "0.06%"
  },
  {
    "Rank": 89,
    "SUA": "Broome",
    "State": "Western Australia",
    "Estimated resident population, June 2019[3]": "14,371",
    "2011 Census[4] Population": "12,766",
    "Growth": "+13.15%",
    "lat": -17.964553,
    "long": 122.229884,
    "Percentage ofnational population (June 2018)": "0.06%"
  },
  {
    "Rank": 90,
    "SUA": "Emerald",
    "State": "Queensland",
    "Estimated resident population, June 2019[3]": "14,290",
    "2011 Census[4] Population": "13,219",
    "Growth": "+6.81%",
    "lat": -23.512547,
    "long": 148.163734,
    "Percentage ofnational population (June 2018)": "0.06%"
  },
  {
    "Rank": 91,
    "SUA": "Port Pirie",
    "State": "South Australia",
    "Estimated resident population, June 2019[3]": "14,162",
    "2011 Census[4] Population": "14,043",
    "Growth": "+1.03%",
    "lat": -33.168102,
    "long": 138.008653,
    "Percentage ofnational population (June 2018)": "0.06%"
  },
  {
    "Rank": 92,
    "SUA": "Port Augusta",
    "State": "South Australia",
    "Estimated resident population, June 2019[3]": "13,561",
    "2011 Census[4] Population": "13,658",
    "Growth": "+1.03%",
    "lat": -32.492214,
    "long": 137.790426,
    "Percentage ofnational population (June 2018)": "0.06%"
  },
  {
    "Rank": 93,
    "SUA": "Lithgow",
    "State": "New South Wales",
    "Estimated resident population, June 2019[3]": "12,907",
    "2011 Census[4] Population": "12,249",
    "Growth": "+5.91%",
    "lat": -33.480323,
    "long": 150.156806,
    "Percentage ofnational population (June 2018)": "0.05%"
  },
  {
    "Rank": 94,
    "SUA": "Colac",
    "State": "Victoria",
    "Estimated resident population, June 2019[3]": "12,574",
    "2011 Census[4] Population": "11,778",
    "Growth": "+6.53%",
    "lat": -38.340179,
    "long": 143.585183,
    "Percentage ofnational population (June 2018)": "0.05%"
  },
  {
    "Rank": 95,
    "SUA": "Mudgee",
    "State": "New South Wales",
    "Estimated resident population, June 2019[3]": "12,518",
    "2011 Census[4] Population": "10,483",
    "Growth": "+18.38%",
    "lat": -32.606435,
    "long": 149.574512,
    "Percentage ofnational population (June 2018)": "0.05%"
  },
  {
    "Rank": 96,
    "SUA": "Muswellbrook",
    "State": "New South Wales",
    "Estimated resident population, June 2019[3]": "12,372",
    "2011 Census[4] Population": "11,791",
    "Growth": "+4.86%",
    "lat": -32.277134,
    "long": 150.9062,
    "Percentage ofnational population (June 2018)": "0.05%"
  },
  {
    "Rank": 97,
    "SUA": "Esperance",
    "State": "Western Australia",
    "Estimated resident population, June 2019[3]": "12,130",
    "2011 Census[4] Population": "11,432",
    "Growth": "+6.24%",
    "lat": -33.861028,
    "long": 121.889991,
    "Percentage ofnational population (June 2018)": "0.05%"
  },
  {
    "Rank": 98,
    "SUA": "Parkes",
    "State": "New South Wales",
    "Estimated resident population, June 2019[3]": "11,208",
    "2011 Census[4] Population": "10,941",
    "Growth": "+2.59%",
    "lat": -33.13367,
    "long": 148.179219,
    "Percentage ofnational population (June 2018)": "0.04%"
  },
  {
    "Rank": 99,
    "SUA": "Swan Hill",
    "State": "Victoria",
    "Estimated resident population, June 2019[3]": "11,089",
    "2011 Census[4] Population": "10,430",
    "Growth": "+6.45%",

    "lat": -35.355103,
    "long": 143.523426,
    "Percentage ofnational population (June 2018)": "0.04%"
  },
  {
    "Rank": 100,
    "SUA": "Portland",
    "State": "Victoria",
    "Estimated resident population, June 2019[3]": "10,928",
    "2011 Census[4] Population": "10,715",
    "Growth": "+1.73%",
    "lat": -38.360577,
    "long": 141.603339,
    "Percentage ofnational population (June 2018)": "0.04%"
  },
  {
    "Rank": 101,
    "SUA": "Kingaroy",
    "State": "Queensland",
    "Estimated resident population, June 2019[3]": "10,306",
    "2011 Census[4] Population": "9,808",
    "Growth": "+6.02%",
    "lat": -26.504337,
    "long": 151.843464,
    "Percentage ofnational population (June 2018)": "0.04%"
  }
]
